Город,АДРЕС,Комментарий
Москва,"г. Москва, ул. Зеленый Проспект, д62А, этаж «-2»",Пон.-суб. 10:00 до 20:00
Москва,"г. Москва, улица Зои и Александра Космодемьянских, дом 4к1",Пон.-суб. 10:00 до 20:00
Москва,"г. Москва, Ленинградский проспект, д37 к6",Пон.-суб. 10:00 до 20:00
Москва,"г. Москва, ул. Профсоюзная, д.146, корп.1",Пон.-суб. 10:00 до 20:00
Москва,"г. Москва, ул. Настасьинский переулок, д.8, стр.2",Пон.-воскр.10:00 до 20:00
Москва,"г. Москва, ул. Барклая, д8, эт.4, пав. 425",Пон.-суб. 10:00 до 20:00
Москва,"г. Москва, ул. Звездный бульвар дом 10 стр.1",Пон.-воскр.10:00 до 21:00
Москва,"г. Москва, ул. Большая Пионерская, дом 13/6",Пон.-суб. 10:00 до 20:00
Москва,"г. Москва, ул. Спартаковская, дом 19/3",Пон.-суб. 10:00 до 21:00
Москва,"г. Москва, ул. Братиславская, Дом 14",Пон.-суб.10:00 до 20:00
Санкт-Петербург,"г. Санкт-Петербург, Московский проспект, дом 2 ",Пон.-суб.10:00 до 20:00